Kelas 1,Kelas 2,Kelas 3,Kelas 4,Sektor
A,,,,PERTANIAN
,1,,,PERTANIAN TANAMAN
,,11,,PERTANIAN TANAMAN SEMUSIM
,,,111,PERTANIAN SEREALIA (BUKAN PADI)
,,,112,PERTANIAN PADI
,,,113,PERTANIAN SAYURAN
,,,114,PERKEBUNAN TEBU
,,,115,PERKEBUNAN TEMBAKAU
,,,116,PERTANIAN TANAMAN BERSERAT
,,,119,PERTANIAN TANAMAN SEMUSIM LAINNYA
,,12,,PERTANIAN TANAMAN TAHUNAN
,,,121,PERTANIAN BUAH ANGGUR
,,,122,PERTANIAN BUAH-BUAHAN TROPIS DAN SUBTROPIS
,,,123,PERTANIAN BUAH JERUK 
,,,124,PERTANIAN BUAH APEL DAN BUAH BATU (POME AND STONE FRUITS)
,,,125,PERTANIAN SAYURAN DAN BUAH SEMAK DAN BUAH BIJI KACANG-KACANGAN LAINNYA
,,,126,PERKEBUNAN BUAH-BUAHAN PENGHASIL MINYAK
,,,127,PERTANIAN TANAMAN UNTUK BAHAN MINUMAN
,,,128,PERKEBUNAN TANAMAN REMPAH-REMPAH
,,,129,PERKEBUNAN TANAMAN TAHUNAN LAINNYA
,,13,,PERTANIAN TANAMAN HIAS DAN PENGEMBANGBIAKAN TANAMAN
,,,130,PERTANIAN TANAMAN HIAS DAN PENGEMBANGBIAKAN TANAMAN
,,14,,PETERNAKAN
,,,141,PETERNAKAN SAPI DAN KERBAU
,,,142,PETERNAKAN KUDA DAN SEJENISNYA
,,,143,PETERNAKAN UNTA DAN SEJENISNYA
,,,144,PETERNAKAN DOMBA DAN KAMBING
,,,145,PETERNAKAN BABI
,,,146,PETERNAKAN UNGGAS
,,,149,PETERNAKAN LAINNYA
,,16,,JASA PENUNJANG PERTANIAN DAN PASCA PANEN
,,,161,JASA PENUNJANG PERTANIAN
,,,162,JASA PENUNJANG PETERNAKAN
,,,163,JASA PASCA PANEN
,,,164,PEMILIHAN BENIH TANAMAN UNTUK PENGEMBANGBIAKAN
,,17,,PERBURUAN
,,,171,PERBURUAN DAN PENANGKAPAN SATWA LIAR
,,,172,PENANGKARAN TUMBUHAN/SATWA LIAR
,2,,,PENGELOLAAN KEHUTANAN DAN PENEBANGAN
,,21,,PENGELOLAAN HUTAN
,,,211,PEMANFAATAN HUTAN TANAMAN
,,,212,PEMANFAATAN HUTAN ALAM
,,,213,PEMANFAATAN HASIL HUTAN BUKAN KAYU
,,,214,PENGUSAHAAN PERBENIHAN TANAMAN KEHUTANAN
,,22,,PEMANENAN DAN PEMUNGUTAN KAYU
,,,220,PEMANENAN DAN PEMUNGUTAN KAYU
,,23,,PEMUNGUTAN HASIL HUTAN BUKAN KAYU
,,,230,PEMUNGUTAN HASIL HUTAN BUKAN KAYU
,,24,,JASA PENUNJANG KEHUTANAN
,,,240,JASA PENUNJANG KEHUTANAN
,3,,,PERIKANAN
,,31,,PERIKANAN TANGKAP
,,,311,PENANGKAPAN IKAN DI LAUT
,,,312,PENANGKAPAN IKAN DI PERAIRAN DARAT
,,,313,JASA PENANGKAPAN IKAN DI LAUT
,,,314,JASA PENANGKAPAN IKAN DI PERAIRAN DARAT
,,,315,PENANGKAPAN/PENGAMBILAN JENIS IKAN YANG DILINDUNGI DAN/ATAU TERMASUK DALAM APPENDIKS CITES
,,32,,PERIKANAN BUDIDAYA
,,,321,BUDIDAYA IKAN LAUT
,,,322,BUDIDAYA IKAN AIR TAWAR
,,,323,JASA BUDIDAYA IKAN LAUT
,,,324,JASA BUDIDAYA IKAN AIR TAWAR
,,,325,BUDIDAYA IKAN AIR PAYAU
,,,326,JASA BUDIDAYA IKAN AIR PAYAU
,,,327,PENGEMBANGBIAKAN JENIS IKAN YANG DILINDUNGI DAN/ATAU TERMASUK DALAM APPENDIKS CITES
B,,,,PERTAMBANGAN DAN PENGGALIAN
,5,,,PERTAMBANGAN BATU BARA DAN LIGNIT
,,51,,PERTAMBANGAN BATU BARA
,,,510,PERTAMBANGAN BATU BARA
,,52,,PERTAMBANGAN LIGNIT
,,,520,PERTAMBANGAN LIGNIT
,6,,,PERTAMBANGAN MINYAK BUMI DAN GAS ALAM DAN PANAS BUMI
,,61,,PERTAMBANGAN MINYAK BUMI
,,,610,PERTAMBANGAN MINYAK BUMI
,,62,,PERTAMBANGAN GAS ALAM DAN PENGUSAHAAN TENAGA PANAS BUMI
,,,620,PERTAMBANGAN GAS ALAM DAN PENGUSAHAAN TENAGA PANAS BUMI
,7,,,PERTAMBANGAN BIJIH LOGAM
,,71,,PERTAMBANGAN PASIR BESI DAN BIJIH BESI
,,,710,PERTAMBANGAN PASIR BESI DAN BIJIH BESI
,,72,,PERTAMBANGAN BIJIH LOGAM YANG TIDAK MENGANDUNG BESI
,,,721,PERTAMBANGAN BIJIH URANIUM DAN TORIUM
,,,729,PERTAMBANGAN BIJIH LOGAM LAINNYA YANG TIDAK MENGANDUNG BESI
,,73,,PERTAMBANGAN BIJIH LOGAM MULIA
,,,730,PERTAMBANGAN BIJIH LOGAM MULIA
,8,,,PERTAMBANGAN DAN PENGGALIAN LAINNYA
,,81,,PENGGALIAN BATU
,,,810,PENGGALIAN BATU
,,89,,PERTAMBANGAN DAN PENGGALIAN LAINNYA YTDL
,,,891,PERTAMBANGAN MINERAL
,,,892,EKSTRAKSI TANAH GEMUK (PEAT)
,,,893,EKSTRAKSI GARAM
,,,899,PERTAMBANGAN DAN PENGGALIAN LAINNYA YTDL
,9,,,AKTIVITAS JASA PENUNJANG PERTAMBANGAN
,,91,,AKTIVITAS PENUNJANG PERTAMBANGAN MINYAK BUMI DAN GAS ALAM
,,,910,AKTIVITAS PENUNJANG PERTAMBANGAN MINYAK BUMI DAN GAS ALAM
,,99,,AKTIVITAS PENUNJANG PERTAMBANGAN DAN PENGGALIAN LAINNYA
,,,990,AKTIVITAS PENUNJANG PERTAMBANGAN DAN PENGGALIAN LAINNYA
C,,,,INDUSTRI PENGOLAHAN
,10,,,INDUSTRI MAKANAN
,,101,,INDUSTRI PENGOLAHAN DAN PENGAWETAN DAGING
,,,1011,KEGIATAN RUMAH POTONG DAN PENGEPAKAN DAGING BUKAN UNGGAS
,,,1012,KEGIATAN RUMAH POTONG DAN PENGEPAKAN DAGING UNGGAS
,,,1013,INDUSTRI PENGOLAHAN DAN PENGAWETAN PRODUK DAGING DAN DAGING UNGGAS
,,102,,INDUSTRI PENGOLAHAN DAN PENGAWETAN IKAN DAN BIOTA AIR
,,,1021,INDUSTRI PENGOLAHAN DAN PENGAWETAN IKAN DAN PRODUK IKAN
,,,1022,INDUSTRI PENGOLAHAN DAN PENGAWETAN IKAN DAN BIOTA AIR DALAM KALENG
,,,1029,INDUSTRI PENGOLAHAN DAN PENGAWETAN BIOTA AIR LAINNYA
,,103,,INDUSTRI PENGOLAHAN DAN PENGAWETAN BUAH-BUAHAN DAN SAYURAN
,,,1031,INDUSTRI PENGOLAHAN DAN PENGAWETAN BUAH-BUAHAN DAN SAYURAN DENGAN CARA DIASINKAN
,,,1032,INDUSTRI PENGOLAHAN DAN PENGAWETAN BUAH-BUAHAN DAN SAYURAN DALAM KALENG
,,,1033,INDUSTRI PENGOLAHAN SARI BUAH DAN SAYURAN
,,,1039,INDUSTRI PENGOLAHAN DAN PENGAWETAN LAINNYA BUAH-BUAHAN DAN SAYURAN
,,104,,INDUSTRI MINYAK DAN LEMAK NABATI DAN HEWANI
,,,1041,INDUSTRI MINYAK DAN LEMAK NABATI DAN HEWANI (BUKAN KELAPA DAN KELAPA SAWIT)
,,,1042,INDUSTRI KOPRA
,,,1043,INDUSTRI MINYAK MENTAH/MURNI KELAPA SAWIT (CRUDE PALM OIL) DAN MINYAK GORENG KELAPA SAWIT
,,,1049,INDUSTRI MINYAK MENTAH DAN LEMAK NABATI DAN HEWANI LAINNYA
,,105,,INDUSTRI PENGOLAHAN SUSU
,,,1051,INDUSTRI PENGOLAHAN SUSU SEGAR DAN KRIM
,,,1052,INDUSTRI PENGOLAHAN SUSU BUBUK DAN SUSU KENTAL
,,,1053,INDUSTRI PENGOLAHAN ES KRIM DAN SEJENISNYA
,,,1059,INDUSTRI PENGOLAHAN PRODUK DARI SUSU LAINNYA
,,106,,INDUSTRI PENGGILINGAN PADI-PADIAN
,,,1061,INDUSTRI PENGGILINGAN SERELIA DAN BIJI-BIJIAN LAINNYA (BUKAN BERAS DAN JAGUNG)
,,,1062,INDUSTRI PATI DAN PRODUK PATI (BUKAN BERAS DAN JAGUNG)
,,,1063,INDUSTRI PENGGILINGAN BERAS DAN JAGUNG DAN INDUSTRI TEPUNG BERAS DAN JAGUNG
,,107,,INDUSTRI MAKANAN LAINNYA
,,,1071,INDUSTRI PRODUK ROTI DAN KUE
,,,1072,INDUSTRI GULA
,,,1073,INDUSTRI KAKAO
,,,1074,INDUSTRI MAKARONI
,,,1075,INDUSTRI MAKANAN DAN MASAKAN OLAHAN
,,,1076,INDUSTRI PENGOLAHAN KOPI
,,,1077,INDUSTRI BUMBU-BUMBUAN DAN PRODUK MASAK LAINNYA
,,,1079,INDUSTRI PRODUK MAKANAN LAINNYA
,,108,,INDUSTRI MAKANAN HEWAN
,,,1080,INDUSTRI MAKANAN HEWAN
,11,,,INDUSTRI MINUMAN
,,110,,INDUSTRI MINUMAN
,,,1101,INDUSTRI MINUMAN BERALKOHOL HASIL DESTILASI
,,,1102,INDUSTRI MINUMAN BERALKOHOL HASIL FERMENTASI ANGGUR DAN HASIL PERTANIAN LAINNYA
,,,1103,INDUSTRI MINUMAN BERALKOHOL HASIL FERMENTASI MALT DAN INDUSTRI MALT
,,,1104,INDUSTRI MINUMAN RINGAN
,,,1105,INDUSTRI AIR KEMASAN DAN AIR MINUM ISI ULANG
,,,1109,INDUSTRI MINUMAN LAINNYA
,12,,,INDUSTRI PENGOLAHAN TEMBAKAU
,,120,,INDUSTRI PENGOLAHAN TEMBAKAU
,,,1201,INDUSTRI ROKOK DAN PRODUK TEMBAKAU LAINNYA
,,,1209,INDUSTRI PENGOLAHAN TEMBAKAU LAINNYA
,13,,,INDUSTRI TEKSTIL
,,131,,INDUSTRI PEMINTALAN
,,,1311,INDUSTRI PERSIAPAN DAN PEMINTALAN SERAT TEKSTIL
,,,1312,INDUSTRI PERTENUNAN TEKSTIL
,,,1313,INDUSTRI PENYEMPURNAAN TEKSTIL
,,139,,INDUSTRI TEKSTIL LAINNYA
,,,1391,INDUSTRI KAIN RAJUTAN DAN SULAMAN
,,,1392,INDUSTRI PEMBUATAN BARANG TEKSTIL
,,,1393,INDUSTRI KARPET DAN PERMADANI
,,,1394,INDUSTRI TALI DAN BARANG DARI TALI
,,,1399,INDUSTRI TEKSTIL LAINNYA YTDL
,14,,,INDUSTRI PAKAIAN JADI
,,141,,INDUSTRI PAKAIAN JADI DAN PERLENGKAPANNYA
,,,1411,INDUSTRI PAKAIAN JADI (BUKAN PENJAHITAN DAN PEMBUATAN PAKAIAN)
,,,1412,PENJAHITAN DAN PEMBUATAN PAKAIAN SESUAI PESANAN
,,,1413,INDUSTRI PERLENGKAPAN PAKAIAN YANG UTAMANYA TERBUAT DARI TEKSTIL
,,142,,INDUSTRI PAKAIAN JADI DAN BARANG DARI KULIT BERBULU
,,,1420,INDUSTRI PAKAIAN JADI DAN BARANG DARI KULIT BERBULU
,,143,,INDUSTRI PAKAIAN JADI RAJUTAN DAN SULAMAN/BORDIR
,,,1430,INDUSTRI PAKAIAN JADI RAJUTAN DAN SULAMAN/BORDIR
,15,,,INDUSTRI KULIT
,,151,,INDUSTRI KULIT DAN BARANG DARI KULIT
,,,1511,INDUSTRI KULIT DAN KULIT KOMPOSISI
,,,1512,INDUSTRI BARANG DARI KULIT DAN KULIT KOMPOSISI
,,152,,INDUSTRI ALAS KAKI
,,,1520,INDUSTRI ALAS KAKI
,16,,,INDUSTRI KAYU
,,161,,INDUSTRI PENGGERGAJIAN DAN PENGAWETAN KAYU
,,,1610,INDUSTRI PENGGERGAJIAN DAN PENGAWETAN KAYU
,,162,,INDUSTRI BARANG DARI KAYU; INDUSTRI BARANG DARI GABUS DAN BARANG ANYAMAN DARI JERAMI
,,,1621,INDUSTRI VENEER
,,,1622,INDUSTRI BARANG BANGUNAN DARI KAYU
,,,1623,INDUSTRI WADAH DARI KAYU
,,,1629,INDUSTRI BARANG LAINNYA DARI KAYU; INDUSTRI BARANG DARI GABUS DAN BARANG ANYAMAN DARI JERAMI
,17,,,INDUSTRI KERTAS DAN BARANG DARI KERTAS
,,170,,INDUSTRI KERTAS DAN BARANG DARI KERTAS
,,,1701,INDUSTRI BUBUR KERTAS
,,,1702,INDUSTRI KERTAS DAN PAPAN KERTAS BERGELOMBANG DAN WADAH DARI KERTAS DAN PAPAN KERTAS
,,,1709,INDUSTRI BARANG DARI KERTAS DAN PAPAN KERTAS LAINNYA
,18,,,INDUSTRI PENCETAKAN DAN REPRODUKSI MEDIA REKAMAN
,,181,,INDUSTRI PENCETAKAN DAN KEGIATAN YBDI
,,,1811,INDUSTRI PENCETAKAN
,,,1812,KEGIATAN JASA PENUNJANG PENCETAKAN
,,182,,REPRODUKSI MEDIA REKAMAN
,,,1820,REPRODUKSI MEDIA REKAMAN
,19,,,INDUSTRI PRODUK DARI BATU BARA DAN PENGILANGAN MINYAK BUMI
,,191,,INDUSTRI PRODUK DARI BATU BARA
,,,1910,INDUSTRI PRODUK DARI BATU BARA
,,192,,INDUSTRI PRODUK PENGILANGAN MINYAK BUMI
,,,1921,INDUSTRI BAHAN BAKAR DAN MINYAK PELUMAS HASIL PENGILANGAN MINYAK BUMI
,,,1929,INDUSTRI PRODUK PENGILANGAN MINYAK BUMI LAINNYA
,20,,,INDUSTRI BAHAN KIMIA DAN BARANG DARI BAHAN KIMIA
,,201,,INDUSTRI BAHAN KIMIA
,,,2011,INDUSTRI KIMIA DASAR
,,,2012,INDUSTRI PUPUK DAN BAHAN SENYAWA NITROGEN
,,,2013,INDUSTRI PLASTIK DAN KARET BUATAN DALAM BENTUK DASAR
,,202,,INDUSTRI BARANG KIMIA LAINNYA
,,,2021,INDUSTRI PESTISIDA DAN PRODUK AGROKIMIA LAINNYA
,,,2022,INDUSTRI CAT DAN TINTA CETAK
,,,2023,INDUSTRI SABUN DAN DETERJEN
,,,2029,INDUSTRI BARANG KIMIA LAINNYA YTDL
,,203,,INDUSTRI SERAT BUATAN
,,,2030,INDUSTRI SERAT BUATAN
,21,,,INDUSTRI FARMASI
,,210,,INDUSTRI FARMASI
,,,2101,INDUSTRI FARMASI DAN PRODUK OBAT KIMIA
,,,2102,INDUSTRI OBAT TRADISIONAL
,22,,,INDUSTRI KARET
,,221,,INDUSTRI KARET DAN BARANG DARI KARET
,,,2211,INDUSTRI BAN DAN VULKANISIR BAN
,,,2212,INDUSTRI PENGASAPAN
,,,2219,INDUSTRI BARANG DARI KARET LAINNYA
,,222,,INDUSTRI BARANG DARI PLASTIK
,,,2221,INDUSTRI BARANG DARI PLASTIK UNTUK BANGUNAN
,,,2222,INDUSTRI BARANG DARI PLASTIK UNTUK PENGEMASAN
,,,2223,INDUSTRI PIPA PLASTIK DAN PERLENGKAPANNYA
,,,2229,INDUSTRI BARANG DARI PLASTIK LAINNYA
,23,,,INDUSTRI BARANG GALIAN BUKAN LOGAM
,,231,,INDUSTRI KACA DAN BARANG DARI KACA
,,,2311,INDUSTRI KACA
,,,2312,INDUSTRI BARANG DARI KACA
,,239,,INDUSTRI BARANG GALIAN BUKAN LOGAM LAINNYA
,,,2391,INDUSTRI BARANG REFRAKTORI (TAHAN API)
,,,2392,INDUSTRI BAHAN BANGUNAN DARI TANAH LIAT/KERAMIK
,,,2393,INDUSTRI BARANG TANAH LIAT/KERAMIK DAN PORSELEN BUKAN BAHAN BANGUNAN
,,,2394,INDUSTRI SEMEN
,,,2395,INDUSTRI BARANG DARI SEMEN
,,,2396,INDUSTRI BARANG DARI BATU
,,,2399,INDUSTRI BARANG GALIAN BUKAN LOGAM LAINNYA YTDL
,24,,,INDUSTRI LOGAM DASAR
,,241,,INDUSTRI LOGAM DASAR BESI DAN BAJA
,,,2410,INDUSTRI LOGAM DASAR BESI DAN BAJA
,,242,,INDUSTRI LOGAM DASAR MULIA DAN LOGAM DASAR BUKAN BESI LAINNYA
,,,2420,INDUSTRI LOGAM DASAR MULIA DAN LOGAM DASAR BUKAN BESI LAINNYA
,,243,,INDUSTRI PENGECORAN LOGAM
,,,2431,INDUSTRI PENGECORAN BESI DAN BAJA
,,,2432,INDUSTRI PENGECORAN LOGAM BUKAN BESI DAN BAJA
,25,,,INDUSTRI BARANG LOGAM
,,251,,INDUSTRI BARANG LOGAM SIAP PASANG UNTUK BANGUNAN
,,,2511,INDUSTRI BARANG LOGAM SIAP PASANG UNTUK BANGUNAN
,,,2512,INDUSTRI TANGKI
,,,2513,INDUSTRI GENERATOR UAP
,,252,,INDUSTRI SENJATA DAN AMUNISI
,,,2520,INDUSTRI SENJATA DAN AMUNISI
,,259,,INDUSTRI BARANG LOGAM LAINNYA DAN JASA PEMBUATAN BARANG LOGAM
,,,2591,INDUSTRI PENEMPAAN
,,,2592,JASA INDUSTRI UNTUK BERBAGAI PENGERJAAN KHUSUS LOGAM DAN BARANG DARI LOGAM
,,,2593,INDUSTRI ALAT POTONG
,,,2594,INDUSTRI EMBER
,,,2595,INDUSTRI BARANG DARI KAWAT DAN PAKU
,,,2599,INDUSTRI BARANG LOGAM LAINNYA YTDL
,26,,,INDUSTRI KOMPUTER
,,261,,INDUSTRI KOMPONEN DAN PAPAN ELEKTRONIK
,,,2611,INDUSTRI TABUNG ELEKTRON DAN KONEKTOR ELEKTRONIK
,,,2612,INDUSTRI SEMI KONDUKTOR DAN KOMPONEN ELEKTRONIK LAINNYA
,,262,,INDUSTRI KOMPUTER DAN PERLENGKAPANNYA
,,,2621,INDUSTRI KOMPUTER DAN/ATAU PERAKITAN KOMPUTER
,,,2622,INDUSTRI PERLENGKAPAN KOMPUTER
,,263,,INDUSTRI PERALATAN KOMUNIKASI
,,,2631,INDUSTRI PERALATAN TELEPON DAN FAKSIMILI
,,,2632,INDUSTRI PERALATAN KOMUNIKASI TANPA KABEL (WIRELESS)
,,,2639,INDUSTRI PERALATAN KOMUNIKASI LAINNYA
,,264,,INDUSTRI PERALATAN AUDIO DAN VIDEO ELEKTRONIK
,,,2641,INDUSTRI TELEVISI DAN/ATAU PERAKITAN TELEVISI
,,,2642,INDUSTRI PERALATAN PEREKAM
,,,2649,INDUSTRI PERALATAN AUDIO DAN VIDEO ELEKTRONIK LAINNYA
,,265,,INDUSTRI ALAT UKUR
,,,2651,INDUSTRI ALAT UKUR
,,,2652,INDUSTRI ALAT UKUR WAKTU
,,266,,INDUSTRI PERALATAN IRADIASI
,,,2660,INDUSTRI PERALATAN IRADIASI
,,267,,INDUSTRI PERALATAN FOTOGRAFI DAN INSTRUMEN OPTIK BUKAN KACA MATA
,,,2671,INDUSTRI PERALATAN FOTOGRAFI
,,,2679,INDUSTRI PERALATAN FOTOGRAFI DAN INSTRUMEN OPTIK LAINNYA
,,268,,INDUSTRI MEDIA MAGNETIK DAN MEDIA OPTIK
,,,2680,INDUSTRI MEDIA MAGNETIK DAN MEDIA OPTIK
,27,,,INDUSTRI PERALATAN LISTRIK
,,271,,INDUSTRI MOTOR LISTRIK
,,,2711,INDUSTRI MOTOR LISTRIK
,,,2712,INDUSTRI PERALATAN PENGONTROL DAN PENDISTRIBUSIAN LISTRIK
,,272,,INDUSTRI BATU BATERAI DAN AKUMULATOR LISTRIK
,,,2720,INDUSTRI BATU BATERAI DAN AKUMULATOR LISTRIK
,,273,,INDUSTRI KABEL DAN PERLENGKAPANNYA
,,,2731,INDUSTRI KABEL SERAT OPTIK
,,,2732,INDUSTRI KABEL LISTRIK DAN ELEKTRONIK LAINNYA
,,,2733,INDUSTRI PERLENGKAPAN KABEL
,,274,,INDUSTRI PERALATAN PENERANGAN LISTRIK (TERMASUK PERALATAN PENERANGAN BUKAN LISTRIK)
,,,2740,INDUSTRI PERALATAN PENERANGAN LISTRIK (TERMASUK PERALATAN PENERANGAN BUKAN LISTRIK)
,,275,,INDUSTRI PERALATAN RUMAH TANGGA
,,,2751,INDUSTRI PERALATAN LISTRIK RUMAH TANGGA
,,,2752,INDUSTRI PERALATAN ELEKTROTERMAL RUMAH TANGGA
,,,2753,INDUSTRI PERALATAN PEMANAS DAN MASAK BUKAN LISTRIK RUMAH TANGGA
,,279,,INDUSTRI PERALATAN LISTRIK LAINNYA
,,,2790,INDUSTRI PERALATAN LISTRIK LAINNYA
,28,,,INDUSTRI MESIN DAN PERLENGKAPAN YTDL
,,281,,INDUSTRI MESIN UNTUK KEPERLUAN UMUM
,,,2811,INDUSTRI MESIN DAN TURBIN
,,,2812,INDUSTRI PERALATAN TENAGA ZAT CAIR DAN GAS
,,,2813,NDUSTRI POMPA LAINNYA
,,,2814,INDUSTRI BEARING
,,,2815,INDUSTRI OVEN
,,,2816,INDUSTRI ALAT PENGANGKAT DAN PEMINDAH
,,,2817,INDUSTRI MESIN DAN PERALATAN KANTOR (BUKAN KOMPUTER DAN PERALATAN PERLENGKAPAN)
,,,2818,INDUSTRI PERKAKAS TANGAN YANG DIGERAKKAN TENAGA
,,,2819,INDUSTRI MESIN UNTUK KEPERLUAN UMUM LAINNYA
,,282,,INDUSTRI MESIN UNTUK KEPERLUAN KHUSUS
,,,2821,INDUSTRI MESIN PERTANIAN DAN KEHUTANAN
,,,2822,INDUSTRI MESIN DAN PERKAKAS MESIN UNTUK PENGERJAAN LOGAM
,,,2823,INDUSTRI MESIN METALURGI
,,,2824,INDUSTRI MESIN PENAMBANGAN
,,,2825,INDUSTRI MESIN PENGOLAHAN MAKANAN
,,,2826,INDUSTRI MESIN TEKSTIL
,,,2829,INDUSTRI MESIN KEPERLUAN KHUSUS LAINNYA
,29,,,INDUSTRI KENDARAAN BERMOTOR
,,291,,INDUSTRI KENDARAAN BERMOTOR RODA EMPAT ATAU LEBIH
,,,2910,INDUSTRI KENDARAAN BERMOTOR RODA EMPAT ATAU LEBIH
,,292,,INDUSTRI KAROSERI KENDARAAN BERMOTOR RODA EMPAT ATAU LEBIH DAN INDUSTRI TRAILER DAN SEMI TRAILER
,,,2920,INDUSTRI KAROSERI KENDARAAN BERMOTOR RODA EMPAT ATAU LEBIH DAN INDUSTRI TRAILER DAN SEMI TRAILER
,,293,,INDUSTRI SUKU CADANG DAN AKSESORI KENDARAAN BERMOTOR RODA EMPAT ATAU LEBIH
,,,2930,INDUSTRI SUKU CADANG DAN AKSESORI KENDARAAN BERMOTOR RODA EMPAT ATAU LEBIH
,30,,,INDUSTRI ALAT ANGKUTAN LAINNYA
,,301,,INDUSTRI PEMBUATAN KAPAL DAN PERAHU
,,,3011,INDUSTRI PEMBUATAN KAPAL
,,,3012,INDUSTRI PEMBUATAN KAPAL DAN PERAHU UNTUK TUJUAN WISATA ATAU REKREASI DAN OLAHRAGA
,,302,,INDUSTRI LOKOMOTIF DAN GERBONG KERETA
,,,3020,INDUSTRI LOKOMOTIF DAN GERBONG KERETA
,,303,,INDUSTRI PESAWAT TERBANG DAN PERLENGKAPANNYA
,,,3030,INDUSTRI PESAWAT TERBANG DAN PERLENGKAPANNYA
,,304,,INDUSTRI KENDARAAN PERANG
,,,3040,INDUSTRI KENDARAAN PERANG
,,309,,INDUSTRI ALAT ANGKUTAN LAINNYA YTDL
,,,3091,INDUSTRI SEPEDA MOTOR
,,,3092,INDUSTRI SEPEDA DAN KURSI RODA
,,,3099,INDUSTRI ALAT ANGKUTAN LAINNYA YTDL
,31,,,INDUSTRI FURNITUR
,,310,,INDUSTRI FURNITUR
,,,3100,INDUSTRI FURNITUR
,32,,,INDUSTRI PENGOLAHAN LAINNYA
,,321,,INDUSTRI BARANG PERHIASAN DAN BARANG BERHARGA
,,,3211,INDUSTRI PERHIASAN DAN BARANG SEJENIS
,,,3212,INDUSTRI PERHIASAN IMITASI DAN BARANG SEJENIS
,,322,,INDUSTRI ALAT MUSIK
,,,3220,INDUSTRI ALAT MUSIK
,,323,,INDUSTRI ALAT OLAHRAGA
,,,3230,INDUSTRI ALAT OLAHRAGA
,,324,,INDUSTRI ALAT PERMAINAN DAN MAINAN ANAK-ANAK
,,,3240,INDUSTRI ALAT PERMAINAN DAN MAINAN ANAK-ANAK
,,325,,INDUSTRI PERALATAN KEDOKTERAN DAN KEDOKTERAN GIGI SERTA PERLENGKAPANNYA
,,,3250,INDUSTRI PERALATAN KEDOKTERAN DAN KEDOKTERAN GIGI SERTA PERLENGKAPANNYA
,,329,,INDUSTRI PENGOLAHAN LAINNYA YTDL
,,,3290,INDUSTRI PENGOLAHAN LAINNYA YTDL
,33,,,REPARASI DAN PEMASANGAN MESIN DAN PERALATAN
,,331,,REPARASI PRODUK LOGAM PABRIKASI
,,,3311,REPARASI PRODUK LOGAM PABRIKASI
,,,3312,REPARASI MESIN
,,,3313,REPARASI PERALATAN ELEKTRONIK DAN OPTIK
,,,3314,REPARASI PERALATAN LISTRIK
,,,3315,REPARASI ALAT ANGKUTAN
,,,3319,REPARASI PERALATAN LAINNYA
,,332,,INSTALASI/PEMASANGAN MESIN DAN PERALATAN INDUSTRI
,,,3320,INSTALASI/PEMASANGAN MESIN DAN PERALATAN INDUSTRI
D,,,,PENGADAAN LISTRIK
,35,,,PENGADAAN LISTRIK
,,351,,KETENAGALISTRIKAN
,,,3511,PENYEDIAAN TENAGA LISTRIK
,,,3512,PENUNJANG TENAGA LISTRIK
,,352,,PENGADAAN DAN DISTRIBUSI GAS ALAM DAN BUATAN
,,,3520,PENGADAAN DAN DISTRIBUSI GAS ALAM DAN BUATAN
,,353,,PENGADAAN UAP/AIR PANAS
,,,3530,PENGADAAN UAP/AIR PANAS
E,,,,TREATMENT AIR
,36,,,TREATMENT AIR
,,360,,TREATMENT AIR
,,,3600,TREATMENT AIR
,37,,,TREATMENT AIR LIMBAH
,,370,,TREATMENT AIR LIMBAH
,,,3701,PENGUMPULAN AIR LIMBAH
,,,3702,TREATMENT DAN PEMBUANGAN AIR LIMBAH
,38,,,PENGUMPULAN
,,381,,PENGUMPULAN LIMBAH DAN SAMPAH
,,,3811,PENGUMPULAN LIMBAH DAN SAMPAH TIDAK BERBAHAYA
,,,3812,PENGUMPULAN LIMBAH BERBAHAYA
,,382,,TREATMENT DAN PEMBUANGAN SAMPAH
,,,3821,TREATMENT DAN PEMBUANGAN SAMPAH TIDAK BERBAHAYA
,,,3822,TREATMENT DAN PEMBUANGAN LIMBAH BERBAHAYA
,,383,,PEMULIHAN MATERIAL
,,,3830,PEMULIHAN MATERIAL
,39,,,AKTIVITAS REMEDIASI DAN PENGELOLAAN LIMBAH DAN SAMPAH LAINNYA 
,,390,,AKTIVITAS REMEDIASI DAN PENGELOLAAN LIMBAH DAN SAMPAH LAINNYA 
,,,3900,AKTIVITAS REMEDIASI DAN PENGELOLAAN LIMBAH DAN SAMPAH LAINNYA 
F,,,,KONSTRUKSI
,41,,,KONSTRUKSI GEDUNG
,,410,,KONSTRUKSI GEDUNG
,,,4101,KONSTRUKSI GEDUNG
,,,4102,JASA PEKERJAAN KONSTRUKSI PRAPABRIKASI BANGUNAN GEDUNG
,42,,,KONSTRUKSI BANGUNAN SIPIL
,,421,,KONSTRUKSI JALAN DAN JALAN REL
,,,4210,KONSTRUKSI JALAN DAN JALAN REL
,,422,,KONSTRUKSI JARINGAN IRIGASI
,,,4220,KONSTRUKSI JARINGAN IRIGASI
,,429,,KONSTRUKSI BANGUNAN SIPIL LAINNYA
,,,4291,KONSTRUKSI BANGUNAN SIPIL LAINNYA
,,,4292,KONSTRUKSI KHUSUS BANGUNAN SIPIL LAINNYA
,,,4293,JASA PEKERJAAN KONSTRUKSI PRAPABRIKASI BANGUNAN SIPIL
,43,,,KONSTRUKSI KHUSUS
,,431,,PEMBONGKARAN DAN PENYIAPAN LAHAN
,,,4311,PEMBONGKARAN
,,,4312,PENYIAPAN LAHAN
,,432,,INSTALASI SISTEM KELISTRIKAN
,,,4321,INSTALASI SISTEM KELISTRIKAN
,,,4322,INSTALASI SALURAN AIR (PLAMBING)
,,,4329,INSTALASI KONSTRUKSI LAINNYA
,,433,,PENYELESAIAN KONSTRUKSI BANGUNAN
,,,4330,PENYELESAIAN KONSTRUKSI BANGUNAN
,,439,,KONSTRUKSI KHUSUS LAINNYA
,,,4390,KONSTRUKSI KHUSUS LAINNYA
G,,,,PERDAGANGAN BESAR DAN ECERAN; REPARASI DAN PERAWATAN MOBIL DAN SEPEDA MOTOR
,45,,,PERDAGANGAN
,,451,,PERDAGANGAN MOBIL
,,,4510,PERDAGANGAN MOBIL
,,452,,REPARASI DAN PERAWATAN MOBIL
,,,4520,REPARASI DAN PERAWATAN MOBIL
,,453,,PERDAGANGAN SUKU CADANG DAN AKSESORI MOBIL
,,,4530,PERDAGANGAN SUKU CADANG DAN AKSESORI MOBIL
,,454,,PERDAGANGAN
,,,4540,PERDAGANGAN
,46,,,PERDAGANGAN BESAR
,,461,,PERDAGANGAN BESAR ATAS DASAR BALAS JASA (FEE) ATAU KONTRAK
,,,4610,PERDAGANGAN BESAR ATAS DASAR BALAS JASA (FEE) ATAU KONTRAK
,,462,,PERDAGANGAN BESAR HASIL PERTANIAN DAN HEWAN HIDUP
,,,4620,PERDAGANGAN BESAR HASIL PERTANIAN DAN HEWAN HIDUP
,,463,,PERDAGANGAN BESAR MAKANAN
,,,4631,PERDAGANGAN BESAR BAHAN MAKANAN DAN MINUMAN HASIL PERTANIAN
,,,4632,PERDAGANGAN BESAR BAHAN MAKANAN DAN MINUMAN HASIL PETERNAKAN DAN PERIKANAN
,,,4633,PERDAGANGAN BESAR MAKANAN DAN MINUMAN LAINNYA DAN TEMBAKAU
,,464,,PERDAGANGAN BESAR BARANG KEPERLUAN RUMAH TANGGA
,,,4641,PERDAGANGAN BESAR TEKSTIL
,,,4642,PERDAGANGAN BESAR ALAT TULIS DAN HASIL PENCETAKAN DAN PENERBITAN
,,,4643,PERDAGANGAN BESAR ALAT FOTOGRAFI DAN BARANG OPTIK
,,,4644,PERDAGANGAN BESAR FARMASI
,,,4649,PERDAGANGAN BESAR BARANG KEPERLUAN RUMAH TANGGA LAINNYA
,,465,,PERDAGANGAN BESAR MESIN
,,,4651,PERDAGANGAN BESAR KOMPUTER
,,,4652,PERDAGANGAN BESAR SUKU CADANG ELEKTRONIK DAN PERALATAN TELEKOMUNIKASI DAN BAGIAN-BAGIANNYA
,,,4653,PERDAGANGAN BESAR MESIN
,,,4659,PERDAGANGAN BESAR MESIN
,,466,,PERDAGANGAN BESAR KHUSUS LAINNYA
,,,4661,PERDAGANGAN BESAR BAHAN BAKAR PADAT
,,,4662,PERDAGANGAN BESAR LOGAM DAN BIJIH LOGAM
,,,4663,PERDAGANGAN BESAR BAHAN DAN PERLENGKAPAN BANGUNAN
,,,4664,PERDAGANGAN BESAR MINERAL BUKAN LOGAM
,,,4665,PERDAGANGAN BESAR BAHAN DAN BARANG KIMIA
,,,4669,PERDAGANGAN BESAR PRODUK LAINNYA TERMASUK BARANG SISA DAN POTONGAN TYDL
,,469,,PERDAGANGAN BESAR BERBAGAI MACAM BARANG
,,,4690,PERDAGANGAN BESAR BERBAGAI MACAM BARANG
,47,,,PERDAGANGAN ECERAN
,,471,,PERDAGANGAN ECERAN BERBAGAI MACAM BARANG DI TOKO
,,,4711,PERDAGANGAN ECERAN YANG UTAMANYA MAKANAN
,,,4719,PERDAGANGAN ECERAN BERBAGAI MACAM BARANG YANG DIDOMINASI OLEH BARANG BUKAN MAKANAN DAN TEMBAKAU DI TOKO
,,472,,PERDAGANGAN ECERAN KHUSUS MAKANAN
,,,4721,PERDAGANGAN ECERAN KHUSUS KOMODITI MAKANAN DARI HASIL PERTANIAN DI TOKO
,,,4722,PERDAGANGAN ECERAN KHUSUS MINUMAN DI TOKO
,,,4723,PERDAGANGAN ECERAN KHUSUS ROKOK DAN TEMBAKAU DI TOKO
,,,4724,PERDAGANGAN ECERAN KHUSUS MAKANAN HASIL INDUSTRI DI TOKO
,,473,,PERDAGANGAN ECERAN KHUSUS BAHAN BAKAR KENDARAAN BERMOTOR
,,,4730,PERDAGANGAN ECERAN KHUSUS BAHAN BAKAR KENDARAAN BERMOTOR
,,474,,PERDAGANGAN ECERAN KHUSUS PERALATAN INFORMASI DAN KOMUNIKASI DI TOKO 
,,,4741,PERDAGANGAN ECERAN KHUSUS KOMPUTER DAN PERLENGKAPANNYA; PIRANTI LUNAK DAN PERLENGKAPAN TELEKOMUNIKASI DI TOKO
,,,4742,PERDAGANGAN ECERAN KHUSUS PERALATAN AUDIO DAN VIDEO DI TOKO
,,475,,PERDAGANGAN ECERAN KHUSUS PERLENGKAPAN RUMAH TANGGA LAINNYA DI TOKO
,,,4751,PERDAGANGAN ECERAN KHUSUS TEKSTIL DI TOKO
,,,4752,PERDAGANGAN ECERAN KHUSUS BARANG DAN BAHAN BANGUNAN
,,,4753,PERDAGANGAN ECERAN KHUSUS KARPET
,,,4759,PERDAGANGAN ECERAN KHUSUS FURNITUR
,,476,,PERDAGANGAN ECERAN KHUSUS FURNITUR
,,,4761,PERDAGANGAN ECERAN KHUSUS BARANG BUDAYA DAN REKREASI DI TOKO KHUSUS
,,,4762,I TOKO
,,,4763,PERDAGANGAN ECERAN KHUSUS PERALATAN OLAHRAGA DI TOKO
,,,4764,PERDAGANGAN ECERAN KHUSUS ALAT PERMAINAN DAN MAINAN
,,,4765,PERDAGANGAN ECERAN KERTAS
,,477,,PERDAGANGAN ECERAN KHUSUS BARANG LAINNYA DI TOKO
,,,4771,PERDAGANGAN ECERAN KHUSUS PAKAIAN
,,,4772,PERDAGANGAN ECERAN KHUSUS BARANG DAN OBAT FARMASI
,,,4773,PERDAGANGAN ECERAN KHUSUS BARANG BARU LAINNYA DI TOKO
,,,4774,PERDAGANGAN ECERAN KHUSUS BARANG BEKAS DI TOKO
,,,4775,PERDAGANGAN ECERAN KHUSUS HEWAN PIARAAN DAN HEWAN TERNAK
,,,4776,PERDAGANGAN ECERAN BUNGA POTONG
,,,4777,PERDAGANGAN ECERAN BAHAN KIMIA
,,,4778,PERDAGANGAN ECERAN BARANG KERAJINAN DAN LUKISAN DI TOKO
,,,4779,PERDAGANGAN ECERAN KHUSUS BARANG LAINNYA YTDL
,,478,,PERDAGANGAN ECERAN KAKI LIMA DAN LOS PASAR 
,,,4781,PERDAGANGAN ECERAN KAKI LIMA DAN LOS PASAR KOMODITI HASIL PERTANIAN
,,,4782,PERDAGANGAN ECERAN KAKI LIMA DAN LOS PASAR MAKANAN
,,,4783,PERDAGANGAN ECERAN KAKI LIMA DAN LOS PASAR TEKSTIL
,,,4784,PERDAGANGAN ECERAN KAKI LIMA DAN LOS PASAR BAHAN KIMIA
,,,4785,PERDAGANGAN ECERAN KAKI LIMA DAN LOS PASAR BARANG PRIBADI
,,,4786,PERDAGANGAN ECERAN KAKI LIMA DAN LOS PASAR PERLENGKAPAN RUMAH TANGGA
,,,4787,PERDAGANGAN ECERAN KAKI LIMA DAN LOS PASAR KERTAS
,,,4788,PERDAGANGAN ECERAN KAKI LIMA DAN LOS PASAR BARANG KERAJINAN
,,,4789,PERDAGANGAN ECERAN KAKI LIMA DAN LOS PASAR BARANG LAINNYA DAN BARANG BEKAS
,,479,,PERDAGANGAN ECERAN BUKAN DI TOKO
,,,4791,PERDAGANGAN ECERAN MELALUI PEMESANAN POS ATAU INTERNET
,,,4792,PERDAGANGAN ECERAN ATAS DASAR BALAS JASA (FEE) ATAU KONTRAK
,,,4799,PERDAGANGAN ECERAN BUKAN DI TOKO
H,,,,PENGANGKUTAN DAN PERGUDANGAN
,49,,,ANGKUTAN DARAT DAN ANGKUTAN MELALUI SALURAN PIPA
,,491,,ANGKUTAN JALAN REL
,,,4911,ANGKUTAN JALAN REL UNTUK PENUMPANG
,,,4912,ANGKUTAN JALAN REL UNTUK BARANG
,,492,,ANGKUTAN BUS
,,,4921,ANGKUTAN BUS DALAM TRAYEK
,,,4922,ANGKUTAN BUS TIDAK DALAM TRAYEK
,,493,,ANGKUTAN MELALUI SALURAN PIPA 
,,,4930,ANGKUTAN MELALUI SALURAN PIPA
,,494,,ANGKUTAN DARAT BUKAN BUS
,,,4941,ANGKUTAN DARAT BUKAN BUS UNTUK PENUMPANG
,,,4942,ANGKUTAN DARAT LAINNYA UNTUK PENUMPANG
,,,4943,ANGKUTAN DARAT UNTUK BARANG
,,,4944,ANGKUTAN JALAN REL PERKOTAAN DAN WISATA UNTUK PENUMPANG
,,,4945,ANGKUTAN JALAN REL LAINNYA
,50,,,ANGKUTAN PERAIRAN
,,501,,ANGKUTAN LAUT
,,,5011,ANGKUTAN LAUT DALAM NEGERI UNTUK PENUMPANG
,,,5012,ANGKUTAN LAUT LUAR NEGERI UNTUK PENUMPANG
,,,5013,ANGKUTAN LAUT DALAM NEGERI UNTUK BARANG
,,,5014,ANGKUTAN LAUT LUAR NEGERI UNTUK BARANG
,,502,,ANGKUTAN SUNGAI
,,,5021,ANGKUTAN SUNGAI
,,,5022,ANGKUTAN SUNGAI
,51,,,ANGKUTAN UDARA
,,511,,ANGKUTAN UDARA UNTUK PENUMPANG
,,,5110,ANGKUTAN UDARA UNTUK PENUMPANG
,,512,,ANGKUTAN UDARA UNTUK KARGO
,,,5120,ANGKUTAN UDARA UNTUK KARGO
,52,,,PERGUDANGAN DAN AKTIVITAS PENUNJANG ANGKUTAN
,,521,,PERGUDANGAN DAN PENYIMPANAN
,,,5210,PERGUDANGAN DAN PENYIMPANAN
,,522,,AKTIVITAS PENUNJANG ANGKUTAN
,,,5221,AKTIVITAS PENUNJANG ANGKUTAN DARAT
,,,5222,AKTIVITAS PENUNJANG ANGKUTAN PERAIRAN
,,,5223,AKTIVITAS KEBANDARUDARAAN DAN JASA PELAYANAN NAVIGASI PENERBANGAN
,,,5224,PENANGANAN KARGO (BONGKAR MUAT BARANG)
,,,5229,AKTIVITAS PENUNJANG ANGKUTAN LAINNYA
,53,,,AKTIVITAS POS DAN KURIR
,,531,,AKTIVITAS POS
,,,5310,AKTIVITAS POS
,,532,,AKTIVITAS KURIR
,,,5320,AKTIVITAS KURIR
I,,,,PENYEDIAAN AKOMODASI DAN PENYEDIAAN MAKAN MINUM
,55,,,PENYEDIAAN AKOMODASI
,,551,,PENYEDIAAN AKOMODASI JANGKA PENDEK
,,,5511,HOTEL BINTANG
,,,5512,HOTEL MELATI
,,,5513,PONDOK WISATA
,,,5519,PENYEDIAAN AKOMODASI JANGKA PENDEK LAINNYA
,,559,,PENYEDIAAN AKOMODASI LAINNYA
,,,5590,PENYEDIAAN AKOMODASI LAINNYA
,56,,,PENYEDIAAN MAKANAN DAN MINUMAN
,,561,,RESTORAN DAN PENYEDIAAN MAKANAN KELILING
,,,5610,RESTORAN DAN PENYEDIAAN MAKANAN KELILING
,,562,,JASA BOGA UNTUK SUATU EVENT TERTENTU (EVENT CATERING) DAN PENYEDIAAN JASA BOGA PERIODE TERTENTU
,,,5621,JASA BOGA UNTUK SUATU EVENT TERTENTU (EVENT CATERING)
,,,5629,PENYEDIAAN JASA BOGA PERIODE TERTENTU
,,563,,PENYEDIAAN MINUMAN
,,,5630,PENYEDIAAN MINUMAN
J,,,,INFORMASI DAN KOMUNIKASI
,58,,,AKTIVITAS PENERBITAN
,,581,,AKTIVITAS PENERBITAN BUKU
,,,5811,PENERBITAN BUKU
,,,5812,PENERBITAN DIREKTORI DAN MAILING LIST
,,,5813,PENERBITAN SURAT KABAR
,,,5819,AKTIVITAS PENERBITAN LAINNYA
,,582,,PENERBITAN PIRANTI LUNAK (SOFTWARE)
,,,5820,PENERBITAN PIRANTI LUNAK (SOFTWARE)
,59,,,AKTIVITAS PRODUKSI GAMBAR BERGERAK
,,591,,AKTIVITAS PRODUKSI GAMBAR BERGERAK
,,,5911,AKTIVITAS PRODUKSI GAMBAR BERGERAK
,,,5912,AKTIVITAS PASCAPRODUKSI FILM
,,,5913,AKTIVITAS DISTRIBUSI GAMBAR BERGERAK
,,,5914,AKTIVITAS PEMUTARAN FILM
,,592,,AKTIVITAS PEREKAMAN SUARA DAN PENERBITAN MUSIK
,,,5920,AKTIVITAS PEREKAMAN SUARA DAN PENERBITAN MUSIK
,60,,,AKTIVITAS PENYIARAN DAN PEMROGRAMAN
,,601,,PENYIARAN RADIO
,,,6010,PENYIARAN RADIO
,,602,,AKTIVITAS PENYIARAN DAN PEMROGRAMAN TELEVISI
,,,6020,AKTIVITAS PENYIARAN DAN PEMROGRAMAN TELEVISI
,61,,,TELEKOMUNIKASI
,,611,,AKTIVITAS TELEKOMUNIKASI DENGAN KABEL
,,,6110,AKTIVITAS TELEKOMUNIKASI DENGAN KABEL
,,612,,AKTIVITAS TELEKOMUNIKASI TANPA KABEL
,,,6120,AKTIVITAS TELEKOMUNIKASI TANPA KABEL
,,613,,AKTIVITAS TELEKOMUNIKASI SATELIT
,,,6130,AKTIVITAS TELEKOMUNIKASI SATELIT
,,619,,AKTIVITAS TELEKOMUNIKASI LAINNYA
,,,6191,JASA NILAI TAMBAH TELEPONI
,,,6192,JASA MULTIMEDIA 
,,,6199,AKTIVITAS TELEKOMUNIKASI LAINNYA YTDL
,62,,,AKTIVITAS PEMROGRAMAN
,,620,,AKTIVITAS PEMROGRAMAN
,,,6201,AKTIVITAS PEMROGRAMAN KOMPUTER
,,,6202,AKTIVITAS KONSULTASI KOMPUTER DAN MANAJEMEN FASILITAS KOMPUTER
,,,6209,AKTIVITAS TEKNOLOGI INFORMASI DAN JASA KOMPUTER LAINNYA
,63,,,AKTIVITAS JASA INFORMASI
,,631,,AKTIVITAS PENGOLAHAN DATA
,,,6311,AKTIVITAS PENGOLAHAN DATA
,,,6312,PORTAL WEB DAN/ATAU PLATFORM DIGITAL
,,639,,AKTIVITAS JASA INFORMASI LAINNYA
,,,6391,AKTIVITAS KANTOR BERITA
,,,6399,AKTIVITAS JASA INFORMASI LAINNYA YTDL
K,,,,AKTIVITAS KEUANGAN DAN ASURANSI
,64,,,AKTIVITAS JASA KEUANGAN
,,641,,PERANTARA MONETER
,,,6411,BANK SENTRAL
,,,6412,BANK UMUM
,,,6413,BANK PERKREDITAN RAKYAT DAN BANK PEMBIAYAAN RAKYAT SYARIAH
,,,6414,KOPERASI SIMPAN PINJAM/UNIT SIMPAN PINJAM
,,,6415,LEMBAGA KEUANGAN MIKRO
,,642,,AKTIVITAS PERUSAHAAN HOLDING
,,,6420,AKTIVITAS PERUSAHAAN HOLDING
,,643,,TRUST
,,,6430,TRUST
,,644,,OTORITAS JASA KEUANGAN (OJK)
,,,6440,OTORITAS JASA KEUANGAN (OJK)
,,645,,LEMBAGA PENJAMIN SIMPANAN (LPS)
,,,6450,LEMBAGA PENJAMIN SIMPANAN (LPS)
,,649,,AKTIVITAS JASA KEUANGAN LAINNYA
,,,6491,PERUSAHAAN PEMBIAYAAN
,,,6492,PERGADAIAN
,,,6493,PERUSAHAAN MODAL VENTURA
,,,6494,PERUSAHAAN PEMBIAYAAN INFRASTRUKTUR
,,,6495,LAYANAN PINJAM MEMINJAM UANG BERBASIS TEKNOLOGI INFORMASI (FINTECH P2P LENDING)
,,,6499,AKTIVITAS JASA KEUANGAN LAINNYA YTDL
,65,,,ASURANSI
,,651,,ASURANSI DAN PENJAMINAN
,,,6511,ASURANSI JIWA
,,,6512,ASURANSI UMUM
,,,6513,PERUSAHAAN PENJAMINAN
,,652,,REASURANSI DAN PENJAMINAN ULANG
,,,6521,REASURANSI
,,,6522,PERUSAHAAN PENJAMINAN ULANG
,,653,,DANA PENSIUN
,,,6531,DANA PENSIUN PEMBERI KERJA
,,,6532,DANA PENSIUN LEMBAGA KEUANGAN
,66,,,AKTIVITAS PENUNJANG JASA KEUANGAN
,,661,,AKTIVITAS PENUNJANG JASA KEUANGAN
,,,6611,PENYELENGGARA INFRASTRUKTUR PERDAGANGAN DI PASAR MODAL
,,,6612,PENYELENGGARA INFRASTRUKTUR PERDAGANGAN DI PASAR BERJANGKA KOMODITI
,,,6613,PENYELENGGARA INFRASTRUKTUR PASAR UANG DAN PASAR VALUTA ASING
,,,6614,PERUSAHAAN EFEK SELAIN MANAJEMEN INVESTASI
,,,6615,PERANTARA PERDAGANGAN BERJANGKA KOMODITI
,,,6616,KEGIATAN PENUKARAN VALUTA ASING (MONEY CHANGER)
,,,6617,AKTIVITAS PENUNJANG PERDAGANGAN BERJANGKA KOMODITI
,,,6619,AKTIVITAS PENUNJANG JASA KEUANGAN LAINNYA
,,662,,AKTIVITAS PENUNJANG ASURANSI
,,,6621,AKTIVITAS PENILAIAN RISIKO DAN KERUGIAN
,,,6622,AKTIVITAS AGEN
,,,6629,AKTIVITAS PENUNJANG LAINNYA UNTUK ASURANSI
,,663,,AKTIVITAS MANAJEMEN DANA
,,,6631,MANAJEMEN INVESTASI
,,,6632,PENASIHAT INVESTASI
,,,6639,AKTIVITAS MANAJEMEN DANA LAINNYA
,,664,,AKTIVITAS PENYELENGGARAAN SISTEM PEMBAYARAN DAN JASA PENGOLAHAN UANG RUPIAH
,,,6641,PENYELENGGARA SISTEM PEMBAYARAN
,,,6642,PENYELENGGARA KEGIATAN JASA PENGOLAHAN UANG RUPIAH
L,,,,REAL ESTAT
,68,,,REAL ESTAT
,,681,,REAL ESTAT YANG DIMILIKI SENDIRI ATAU DISEWA DAN KAWASAN PARIWISATA
,,,6811,REAL ESTAT YANG DIMILIKI SENDIRI ATAU DISEWA
,,,6812,KAWASAN PARIWISATA
,,,6813,KAWASAN INDUSTRI
,,682,,REAL ESTAT ATAS DASAR BALAS JASA (FEE) ATAU KONTRAK
,,,6820,REAL ESTAT ATAS DASAR BALAS JASA (FEE) ATAU KONTRAK
M,,,,AKTIVITAS PROFESIONAL
,69,,,AKTIVITAS HUKUM DAN AKUNTANSI
,,691,,AKTIVITAS HUKUM
,,,6910,AKTIVITAS HUKUM
,,692,,AKTIVITAS AKUNTANSI
,,,6920,AKTIVITAS AKUNTANSI
,70,,,AKTIVITAS KANTOR PUSAT DAN KONSULTASI MANAJEMEN
,,701,,AKTIVITAS KANTOR PUSAT
,,,7010,AKTIVITAS KANTOR PUSAT
,,702,,AKTIVITAS KONSULTASI MANAJEMEN
,,,7020,AKTIVITAS KONSULTASI MANAJEMEN
,71,,,AKTIVITAS ARSITEKTUR DAN KEINSINYURAN; ANALISIS DAN UJI TEKNIS
,,711,,AKTIVITAS ARSITEKTUR DAN KEINSINYURAN SERTA KONSULTASI TEKNIS YBDI
,,,7110,AKTIVITAS ARSITEKTUR DAN KEINSINYURAN SERTA KONSULTASI TEKNIS YBDI
,,712,,ANALISIS DAN UJI TEKNIS
,,,7120,ANALISIS DAN UJI TEKNIS
,72,,,PENELITIAN DAN PENGEMBANGAN ILMU PENGETAHUAN
,,721,,PENELITIAN DAN PENGEMBANGAN ILMU PENGETAHUAN ALAM DAN ILMU TEKNOLOGI DAN REKAYASA
,,,7210,PENELITIAN DAN PENGEMBANGAN ILMU PENGETAHUAN ALAM DAN ILMU TEKNOLOGI DAN REKAYASA
,,722,,PENELITIAN DAN PENGEMBANGAN ILMU PENGETAHUAN SOSIAL DAN HUMANIORA
,,,7220,PENELITIAN DAN PENGEMBANGAN ILMU PENGETAHUAN SOSIAL DAN HUMANIORA
,73,,,PERIKLANAN DAN PENELITIAN PASAR
,,731,,PERIKLANAN
,,,7310,PERIKLANAN
,,732,,PENELITIAN PASAR DAN JAJAK PENDAPAT MASYARAKAT
,,,7320,PENELITIAN PASAR DAN JAJAK PENDAPAT MASYARAKAT
,74,,,AKTIVITAS PROFESIONAL
,,741,,AKTIVITAS DESAIN KHUSUS
,,,7411,AKTIVITAS DESAIN INDUSTRI
,,,7412,AKTIVITAS DESAIN INTERIOR
,,,7413,AKTIVITAS DESAIN KOMUNIKASI VISUAL/ DESAIN GRAFIS
,,,7414,AKTIVITAS DESAIN KONTEN KREATIF
,,742,,AKTIVITAS FOTOGRAFI
,,,7420,AKTIVITAS FOTOGRAFI
,,743,,AKTIVITAS SERTIFIKASI PROFESI/PERSONEL
,,,7431,AKTIVITAS SERTIFIKASI HASIL PENDIDIKAN DAN/ATAU PELATIHAN BERBASIS KOMPETENSI
,,,7432,AKTIVITAS SERTIFIKASI PROFESI/PERSONEL INDEPENDEN
,,749,,AKTIVITAS PROFESIONAL
,,,7490,AKTIVITAS PROFESIONAL
,75,,,AKTIVITAS KESEHATAN HEWAN
,,750,,AKTIVITAS KESEHATAN HEWAN
,,,7500,AKTIVITAS KESEHATAN HEWAN
N,,,,AKTIVITAS PENYEWAAN DAN SEWA GUNA USAHA TANPA HAK OPSI
,77,,,AKTIVITAS PENYEWAAN DAN SEWA GUNA USAHA TANPA HAK OPSI
,,771,,AKTIVITAS PENYEWAAN DAN SEWA GUNA USAHA TANPA HAK OPSI MOBIL
,,,7710,AKTIVITAS PENYEWAAN DAN SEWA GUNA USAHA TANPA HAK OPSI MOBIL
,,772,,AKTIVITAS PENYEWAAN DAN SEWA GUNA USAHA TANPA HAK OPSI BARANG PRIBADI DAN RUMAH TANGGA
,,,7721,AKTIVITAS PENYEWAAN DAN SEWA GUNA USAHA TANPA HAK OPSI ALAT REKREASI DAN OLAHRAGA
,,,7722,AKTIVITAS PENYEWAAN KASET VIDEO
,,,7729,AKTIVITAS PENYEWAAN DAN SEWA GUNA USAHA TANPA HAK OPSI BARANG PRIBADI DAN RUMAH TANGGA LAIN YTDL
,,773,,AKTIVITAS PENYEWAAN DAN SEWA GUNA USAHA TANPA HAK OPSI MESIN
,,,7731,AKTIVITAS PENYEWAAN DAN SEWA GUNA TANPA HAK OPSI ALAT TRANSPORTASI
,,,7732,AKTIVITAS PENYEWAAN DAN SEWA GUNA TANPA HAK OPSI MESIN DAN PERALATAN INDUSTRI KREATIF
,,,7739,AKTIVITAS PENYEWAAN DAN SEWA GUNA TANPA HAK OPSI MESIN
,,774,,SEWA GUNA USAHA TANPA HAK OPSI ASET NON FINANSIAL
,,,7740,SEWA GUNA USAHA TANPA HAK OPSI INTELEKTUAL PROPERTI
,78,,,AKTIVITAS KETENAGAKERJAAN
,,781,,AKTIVITAS PENEMPATAN TENAGA KERJA
,,,7810,AKTIVITAS PENEMPATAN TENAGA KERJA
,,782,,AKTIVITAS PENYEDIAAN TENAGA KERJA WAKTU TERTENTU
,,,7820,AKTIVITAS PENYEDIAAN TENAGA KERJA WAKTU TERTENTU
,,783,,PENYEDIAAN SUMBER DAYA MANUSIA DAN MANAJEMEN FUNGSI SUMBER DAYA MANUSIA
,,,7830,PENYEDIAAN SUMBER DAYA MANUSIA DAN MANAJEMEN FUNGSI SUMBER DAYA MANUSIA
,,784,,PELATIHAN KERJA
,,,7841,PELATIHAN KERJA PEMERINTAH
,,,7842,PELATIHAN KERJA SWASTA
,,,7843,PELATIHAN KERJA PERUSAHAAN
,79,,,AKTIVITAS AGEN PERJALANAN
,,791,,AKTIVITAS AGEN PERJALANAN DAN PENYELENGGARA TUR
,,,7911,AKTIVITAS AGEN PERJALANAN
,,,7912,AKTIVITAS BIRO PERJALANAN
,,799,,JASA RESERVASI LAINNYA DAN KEGIATAN YBDI
,,,7991,JASA INFORMASI PARIWISATA DAN DAYA TARIK WISATA
,,,7992,JASA PRAMUWISATA DAN INTERPRETER WISATA
,,,7999,JASA RESERVASI LAINNYA YBDI YTDL
,80,,,AKTIVITAS KEAMANAN DAN PENYELIDIKAN
,,801,,AKTIVITAS KEAMANAN SWASTA
,,,8010,AKTIVITAS KEAMANAN SWASTA
,,802,,AKTIVITAS JASA SISTEM KEAMANAN
,,,8020,AKTIVITAS JASA SISTEM KEAMANAN
,,803,,AKTIVITAS PENYELIDIKAN
,,,8030,AKTIVITAS PENYELIDIKAN
,81,,,AKTIVITAS PENYEDIA JASA UNTUK GEDUNG DAN PERTAMANAN
,,811,,AKTIVITAS PENYEDIA GABUNGAN JASA PENUNJANG FASILITAS
,,,8110,AKTIVITAS PENYEDIA GABUNGAN JASA PENUNJANG FASILITAS
,,812,,AKTIVITAS KEBERSIHAN
,,,8121,AKTIVITAS KEBERSIHAN UMUM BANGUNAN
,,,8129,AKTIVITAS KEBERSIHAN BANGUNAN DAN INDUSTRI LAINNYA
,,813,,AKTIVITAS JASA PERAWATAN DAN PEMELIHARAAN TAMAN
,,,8130,AKTIVITAS JASA PERAWATAN DAN PEMELIHARAAN TAMAN
,82,,,AKTIVITAS ADMINISTRASI KANTOR
,,821,,AKTIVITAS ADMINISTRASI KANTOR DAN PENUNJANG KANTOR
,,,8211,AKTIVITAS PENYEDIA GABUNGAN JASA ADMINISTRASI KANTOR
,,,8219,AKTIVITAS FOTOKOPI
,,822,,AKTIVITAS CALL CENTRE
,,,8220,AKTIVITAS CALL CENTRE
,,823,,JASA PENYELENGGARA PERTEMUAN
,,,8230,JASA PENYELENGGARA PERTEMUAN
,,829,,AKTIVITAS JASA PENUNJANG USAHA YTDL
,,,8291,AKTIVITAS DEBT COLLECTION DAN LEMBAGA PENGELOLA INFORMASI PERKREDITAN
,,,8292,AKTIVITAS PENGEPAKAN
,,,8299,AKTIVITAS JASA PENUNJANG USAHA LAINNYA YTDL
O,,,,ADMINISTRASI PEMERINTAHAN
,84,,,ADMINISTRASI PEMERINTAHAN
,,841,,ADMINISTRASI PEMERINTAHAN DAN KEBIJAKAN EKONOMI DAN SOSIAL
,,,8411,KEGIATAN ADMINISTRASI PEMERINTAHAN
,,,8412,ADMINISTRASI PELAYANAN PEMERINTAH BIDANG KESEHATAN
,,,8413,KEGIATAN LEMBAGA PEMERINTAHAN UNTUK MENCIPTAKAN EFISIENSI PRODUKSI DAN BISNIS
,,842,,PENYEDIAAN LAYANAN UNTUK MASYARAKAT DALAM BIDANG HUBUNGAN LUAR NEGERI
,,,8421,HUBUNGAN LUAR NEGERI
,,,8422,PERTAHANAN DAN KEAMANAN
,,,8423,KETERTIBAN DAN KEAMANAN MASYARAKAT
,,843,,JAMINAN SOSIAL WAJIB
,,,8430,JAMINAN SOSIAL WAJIB
P,,,,PENDIDIKAN
,85,,,PENDIDIKAN
,,851,,PENDIDIKAN ANAK USIA DINI DAN DASAR
,,,8511,PENDIDIKAN DASAR PEMERINTAH
,,,8512,PENDIDIKAN DASAR SWASTA
,,,8513,PENDIDIKAN ANAK USIA DINI
,,,8514,SATUAN PENDIDIKAN KERJASAMA PENDIDIKAN ANAK USIA DINI DAN PENDIDIKAN DASAR
,,,8515,PENDIDIKAN PESANTREN DAN PENDIDIKAN KEAGAMAAN ISLAM ANAK USIA DINI DAN DASAR
,,,8516,PENDIDIKAN KEAGAMAAN ANAK USIA DINI DAN DASAR
,,852,,PENDIDIKAN MENENGAH
,,,8521,PENDIDIKAN MENENGAH ATAS/ALIYAH PEMERINTAH
,,,8522,PENDIDIKAN MENENGAH/ALIYAH SWASTA
,,,8523,PENDIDIKAN MENENGAH KEJURUAN DAN TEKNIS/ALIYAH KEJUJURAN PEMERINTAH
,,,8524,PENDIDIKAN MENENGAH KEJURUAN/ALIYAH KEJURUAN SWASTA
,,,8525,SATUAN PENDIDIKAN KERJASAMA PENDIDIKAN MENENGAH
,,,8526,PENDIDIKAN PESANTREN MENENGAH
,,,8527,PENDIDIKAN KEAGAMAAN MENENGAH
,,853,,PENDIDIKAN TINGGI
,,,8531,PENDIDIKAN TINGGI PEMERINTAH
,,,8532,PENDIDIKAN TINGGI SWASTA
,,,8533,PENDIDIKAN TINGGI KEAGAMAAN
,,,8534,PENDIDIKAN PESANTREN TINGGI (MAï¿½HAD ALY)
,,854,,PENDIDIKAN LAINNYA
,,,8541,PENDIDIKAN OLAHRAGA DAN REKREASI
,,,8542,PENDIDIKAN KEBUDAYAAN
,,,8543,PENDIDIKAN LAINNYA PEMERINTAH
,,,8544,ATUAN PENDIDIKAN KERJASAMA PENDIDIKAN NONFORMAL
,,,8545,PENDIDIKAN PESANTREN DAN PENDIDIKAN KEAGAMAAN LAINNYA
,,,8549,PENDIDIKAN LAINNYA YTDL
,,855,,KEGIATAN PENUNJANG PENDIDIKAN
,,,8550,KEGIATAN PENUNJANG PENDIDIKAN
Q,,,,AKTIVITAS KESEHATAN MANUSIA DAN AKTIVITAS SOSIAL
,86,,,AKTIVITAS KESEHATAN MANUSIA
,,861,,AKTIVITAS RUMAH SAKIT
,,,8610,AKTIVITAS RUMAH SAKIT
,,862,,AKTIVITAS PRAKTIK DOKTER DAN DOKTER GIGI
,,,8620,AKTIVITAS PRAKTIK DOKTER DAN DOKTER GIGI
,,869,,AKTIVITAS PELAYANAN KESEHATAN MANUSIA LAINNYA
,,,8690,AKTIVITAS PELAYANAN KESEHATAN MANUSIA LAINNYA
,87,,,AKTIVITAS SOSIAL DI DALAM PANTI
,,871,,AKTIVITAS SOSIAL DI DALAM PANTI UNTUK PERAWATAN DAN PEMULIHAN KESEHATAN
,,,8710,AKTIVITAS SOSIAL DI DALAM PANTI UNTUK PERAWATAN DAN PEMULIHAN KESEHATAN
,,872,,AKTIVITAS SOSIAL DI DALAM PANTI UNTUK KETERBELAKANGAN MENTAL
,,,8720,AKTIVITAS SOSIAL DI DALAM PANTI UNTUK KETERBELAKANGAN MENTAL
,,873,,AKTIVITAS SOSIAL DI DALAM PANTI UNTUK LANJUT USIA DAN PENYANDANG DISABILITAS
,,,8730,AKTIVITAS SOSIAL DI DALAM PANTI UNTUK LANJUT USIA DAN PENYANDANG DISABILITAS
,,879,,AKTIVITAS SOSIAL DI DALAM PANTI LAINNYA YTDL
,,,8790,AKTIVITAS SOSIAL DI DALAM PANTI LAINNYA YTDL
,88,,,AKTIVITAS SOSIAL TANPA AKOMODASI
,,881,,AKTIVITAS SOSIAL TANPA AKOMODASI UNTUK LANJUT USIA DAN PENYANDANG DISABILITAS
,,,8810,AKTIVITAS SOSIAL TANPA AKOMODASI UNTUK LANJUT USIA DAN PENYANDANG DISABILITAS
,,889,,AKTIVITAS SOSIAL TANPA AKOMODASI LAINNYA
,,,8891,AKTIVITAS SOSIAL PENGUMPULAN DANA
,,,8899,AKTIVITAS SOSIAL TANPA AKOMODASI LAINNYA YTDL
R,,,,KESENIAN
,90,,,AKTIVITAS HIBURAN
,,900,,AKTIVITAS HIBURAN
,,,9001,AKTIVITAS SENI PERTUNJUKAN
,,,9002,AKTIVITAS PEKERJA KREATIF DAN PEKERJA SENI
,,,9003,AKTIVITAS IMPRESARIAT BIDANG SENI DAN FESTIVAL SENI
,,,9004,AKTIVITAS OPERASIONAL FASILITAS SENI
,,,9009,AKTIVITAS HIBURAN
,91,,,PERPUSTAKAAN
,,910,,PERPUSTAKAAN
,,,9101,PERPUSTAKAAN DAN ARSIP
,,,9102,MUSEUM DAN OPERASIONAL BANGUNAN DAN SITUS BERSEJARAH
,,,9103,AKTIVITAS KEBUN BINATANG
,92,,,AKTIVITAS PERJUDIAN DAN PERTARUHAN
,,920,,AKTIVITAS PERJUDIAN DAN PERTARUHAN
,,,9200,AKTIVITAS PERJUDIAN DAN PERTARUHAN
,93,,,AKTIVITAS OLAHRAGA DAN REKREASI LAINNYA
,,931,,AKTIVITAS OLAHRAGA
,,,9311,PENGELOLAAN FASILITAS OLAHRAGA
,,,9312,AKTIVITAS KLUB OLAHRAGA
,,,9319,AKTIVITAS LAINNYA YANG BERKAITAN DENGAN OLAHRAGA
,,932,,AKTIVITAS REKREASI LAINNYA
,,,9321,AKTIVITAS TAMAN BERTEMA ATAU TAMAN HIBURAN
,,,9322,DAYA TARIK WISATA ALAM
,,,9323,DAYA TARIK WISATA BUATAN/BINAAN MANUSIA
,,,9324,WISATA TIRTA
,,,9329,AKTIVITAS HIBURAN DAN REKREASI LAINNYA YTDL
S,,,,AKTIVITAS JASA LAINNYA
,94,,,AKTIVITAS KEANGGOTAAN ORGANISASI
,,941,,AKTIVITAS ORGANISASI BISNIS
,,,9411,AKTIVITAS ORGANISASI BISNIS DAN PENGUSAHA
,,,9412,AKTIVITAS ORGANISASI PROFESI
,,942,,AKTIVITAS ORGANISASI BURUH
,,,9420,AKTIVITAS ORGANISASI BURUH
,,949,,AKTIVITAS ORGANISASI LAINNYA
,,,9491,AKTIVITAS ORGANISASI KEAGAMAAN
,,,9492,AKTIVITAS ORGANISASI POLITIK
,,,9499,AKTIVITAS ORGANISASI KEANGGOTAAN LAINNYA YTDL
,95,,,REPARASI KOMPUTER DAN BARANG KEPERLUAN PRIBADI DAN PERLENGKAPAN RUMAH TANGGA
,,951,,REPARASI KOMPUTER DAN ALAT KOMUNIKASI
,,,9511,REPARASI KOMPUTER DAN PERALATAN SEJENISNYA
,,,9512,REPARASI PERALATAN KOMUNIKASI
,,952,,REPARASI BARANG KEPERLUAN PRIBADI DAN PERLENGKAPAN RUMAH TANGGA
,,,9521,REPARASI ALAT-ALAT ELEKTRONIK KONSUMEN
,,,9522,REPARASI PERALATAN RUMAH TANGGA DAN PERALATAN RUMAH DAN KEBUN
,,,9523,REPARASI ALAS KAKI DAN BARANG DARI KULIT
,,,9524,REPARASI FURNITUR DAN PERLENGKAPAN RUMAH
,,,9529,REPARASI BARANG KEPERLUAN PRIBADI DAN PERLENGKAPAN RUMAH TANGGA LAINNYA
,96,,,AKTIVITAS JASA PERORANGAN LAINNYA
,,961,,AKTIVITAS JASA PERORANGAN UNTUK KEBUGARAN
,,,9611,AKTIVITAS PANGKAS RAMBUT DAN SALON KECANTIKAN
,,,9612,AKTIVITAS KEBUGARAN
,,962,,AKTIVITAS PENATU
,,,9620,AKTIVITAS PENATU
,,969,,AKTIVITAS JASA PERORANGAN LAINNYA YTDL
,,,9691,AKTIVITAS PEMAKAMAN DAN KEGIATAN YBDI
,,,9699,AKTIVITAS JASA PERORANGAN LAINNYA YTDL
T,,,,AKTIVITAS RUMAH TANGGA SEBAGAI PEMBERI KERJA; AKTIVITAS YANG MENGHASILKAN BARANG DAN JASA OLEH RUMAH TANGGA YANG DIGUNAKAN UNTUK MEMENUHI KEBUTUHAN SENDIRI
,97,,,AKTIVITAS RUMAH TANGGA SEBAGAI PEMBERI KERJA DARI PERSONIL DOMESTIK
,,970,,AKTIVITAS RUMAH TANGGA SEBAGAI PEMBERI KERJA DARI PERSONIL DOMESTIK
,,,9700,AKTIVITAS RUMAH TANGGA SEBAGAI PEMBERI KERJA DARI PERSONIL DOMESTIK
,98,,,AKTIVITAS YANG MENGHASILKAN BARANG DAN JASA OLEH RUMAH TANGGA YANG DIGUNAKAN UNTUK MEMENUHI KEBUTUHAN SENDIRI
,,981,,AKTIVITAS YANG MENGHASILKAN BARANG OLEH RUMAH TANGGA YANG DIGUNAKAN UNTUK MEMENUHI KEBUTUHAN SENDIRI
,,,9810,AKTIVITAS YANG MENGHASILKAN BARANG OLEH RUMAH TANGGA YANG DIGUNAKAN UNTUK MEMENUHI KEBUTUHAN SENDIRI
,,982,,AKTIVITAS YANG MENGHASILKAN JASA OLEH RUMAH TANGGA YANG DIGUNAKAN UNTUK MEMENUHI KEBUTUHAN SENDIRI
,,,9820,AKTIVITAS YANG MENGHASILKAN JASA OLEH RUMAH TANGGA YANG DIGUNAKAN UNTUK MEMENUHI KEBUTUHAN SENDIRI
U,,,,AKTIVITAS BADAN INTERNASIONAL DAN BADAN EKSTRA INTERNASIONAL LAINNYA
,99,,,AKTIVITAS BADAN INTERNASIONAL DAN BADAN EKSTRA INTERNASIONAL LAINNYA
,,990,,AKTIVITAS BADAN INTERNASIONAL DAN BADAN EKSTRA INTERNASIONAL LAINNYA
,,,9900,AKTIVITAS BADAN INTERNASIONAL DAN BADAN EKSTRA INTERNASIONAL LAINNYA
